Workbook

Sheet Data Barang ATK
A1: DATA BARANG GUDANG ATK
A2: Kolom berlatar putih dengan angka biru diisi manual. Kolom Nilai Stok dan Status terisi otomatis oleh rumus.
A4: No | B4: Kode Barang | C4: Nama Barang | D4: Kategori | E4: Satuan | F4: Stok Saat Ini | G4: Stok Minimum | H4: Harga Satuan (Rp) | I4: Nilai Stok (Rp) | J4: Status
A5: 1 | B5: ATK-001 | C5: Pulpen Standard AE7 Biru | D5: Alat Tulis | E5: pcs | F5: 120 | G5: 40 | H5: 3000 | I5: =F5*H5 -> 360000 | J5: =IF(F5<=0,"Habis",IF(F5<=G5,"Perlu Restock","Aman")) -> Aman
A6: 2 | B6: ATK-002 | C6: Pulpen Standard AE7 Hitam | D6: Alat Tulis | E6: pcs | F6: 95 | G6: 40 | H6: 3000 | I6: =F6*H6 -> 285000 | J6: =IF(F6<=0,"Habis",IF(F6<=G6,"Perlu Restock","Aman")) -> Aman
A7: 3 | B7: ATK-003 | C7: Pulpen Gel 0.5 mm | D7: Alat Tulis | E7: pcs | F7: 60 | G7: 24 | H7: 8500 | I7: =F7*H7 -> 510000 | J7: =IF(F7<=0,"Habis",IF(F7<=G7,"Perlu Restock","Aman")) -> Aman
A8: 4 | B8: ATK-004 | C8: Pensil 2B | D8: Alat Tulis | E8: pcs | F8: 84 | G8: 30 | H8: 4500 | I8: =F8*H8 -> 378000 | J8: =IF(F8<=0,"Habis",IF(F8<=G8,"Perlu Restock","Aman")) -> Aman
A9: 5 | B9: ATK-005 | C9: Pensil Mekanik 0.5 mm | D9: Alat Tulis | E9: pcs | F9: 25 | G9: 12 | H9: 18000 | I9: =F9*H9 -> 450000 | J9: =IF(F9<=0,"Habis",IF(F9<=G9,"Perlu Restock","Aman")) -> Aman
A10: 6 | B10: ATK-006 | C10: Isi Pensil Mekanik 0.5 mm | D10: Alat Tulis | E10: pak | F10: 18 | G10: 10 | H10: 6000 | I10: =F10*H10 -> 108000 | J10: =IF(F10<=0,"Habis",IF(F10<=G10,"Perlu Restock","Aman")) -> Aman
A11: 7 | B11: ATK-007 | C11: Penghapus Karet | D11: Alat Tulis | E11: pcs | F11: 45 | G11: 20 | H11: 3500 | I11: =F11*H11 -> 157500 | J11: =IF(F11<=0,"Habis",IF(F11<=G11,"Perlu Restock","Aman")) -> Aman
A12: 8 | B12: ATK-008 | C12: Correction Pen (Tip-Ex) | D12: Alat Tulis | E12: pcs | F12: 22 | G12: 12 | H12: 12000 | I12: =F12*H12 -> 264000 | J12: =IF(F12<=0,"Habis",IF(F12<=G12,"Perlu Restock","Aman")) -> Aman
A13: 9 | B13: ATK-009 | C13: Spidol Whiteboard Hitam | D13: Alat Tulis | E13: pcs | F13: 36 | G13: 15 | H13: 11000 | I13: =F13*H13 -> 396000 | J13: =IF(F13<=0,"Habis",IF(F13<=G13,"Perlu Restock","Aman")) -> Aman
A14: 10 | B14: ATK-010 | C14: Spidol Permanen Hitam | D14: Alat Tulis | E14: pcs | F14: 20 | G14: 10 | H14: 12500 | I14: =F14*H14 -> 250000 | J14: =IF(F14<=0,"Habis",IF(F14<=G14,"Perlu Restock","Aman")) -> Aman
A15: 11 | B15: ATK-011 | C15: Stabilo Highlighter | D15: Alat Tulis | E15: pcs | F15: 32 | G15: 15 | H15: 13000 | I15: =F15*H15 -> 416000 | J15: =IF(F15<=0,"Habis",IF(F15<=G15,"Perlu Restock","Aman")) -> Aman
A16: 12 | B16: ATK-012 | C16: Penggaris Plastik 30 cm | D16: Alat Tulis | E16: pcs | F16: 15 | G16: 8 | H16: 5000 | I16: =F16*H16 -> 75000 | J16: =IF(F16<=0,"Habis",IF(F16<=G16,"Perlu Restock","Aman")) -> Aman
... A54: 50 | B54: ATK-050 | C54: Kalkulator 12 Digit | D54: Lain-lain | E54: pcs | F54: 2 | G54: 3 | H54: 95000 | I54: =F54*H54 -> 190000 | J54: =IF(F54<=0,"Habis",IF(F54<=G54,"Perlu Restock","Aman")) -> Perlu Restock
C55: TOTAL | F55: =SUM(F5:F54) -> 1374 | I55: =SUM(I5:I54) -> 25157000 | J55: =COUNTIF(J5:J54,"Perlu Restock")+COUNTIF(J5:J54,"Habis")&" perlu dibeli" -> 6 perlu dibeli

Sheet Rekap Kategori
A1: REKAP PER KATEGORI
A2: Seluruh angka di lembar ini dihitung otomatis dari lembar 'Data Barang ATK'.
A4: Kategori | B4: Jumlah Jenis Barang | C4: Total Unit Stok | D4: Nilai Persediaan (Rp) | E4: Perlu Dibeli
A5: Alat Tulis | B5: =COUNTIF('Data Barang ATK'!$D$5:$D$54,$A5) -> 12 | C5: =SUMIF('Data Barang ATK'!$D$5:$D$54,$A5,'Data Barang ATK'!$F$5:$F$54) -> 572 | D5: =SUMIF('Data Barang ATK'!$D$5:$D$54,$A5,'Data Barang ATK'!$I$5:$I$54) -> 3649500 | E5: =COUNTIFS('Data Barang ATK'!$D$5:$D$54,$A5,'Data Barang ATK'!$J$5:$J$54,"Perlu Restock")+COUNTIFS('Data Barang ATK'!$D$5:$D$54,$A5,'Data Barang ATK'!$J$5:$J$54,"Habis") -> 0
A6: Kertas & Buku | B6: =COUNTIF('Data Barang ATK'!$D$5:$D$54,$A6) -> 10 | C6: =SUMIF('Data Barang ATK'!$D$5:$D$54,$A6,'Data Barang ATK'!$F$5:$F$54) -> 249 | D6: =SUMIF('Data Barang ATK'!$D$5:$D$54,$A6,'Data Barang ATK'!$I$5:$I$54) -> 10406000 | E6: =COUNTIFS('Data Barang ATK'!$D$5:$D$54,$A6,'Data Barang ATK'!$J$5:$J$54,"Perlu Restock")+COUNTIFS('Data Barang ATK'!$D$5:$D$54,$A6,'Data Barang ATK'!$J$5:$J$54,"Habis") -> 1
A7: Perlengkapan Kantor | B7: =COUNTIF('Data Barang ATK'!$D$5:$D$54,$A7) -> 12 | C7: =SUMIF('Data Barang ATK'!$D$5:$D$54,$A7,'Data Barang ATK'!$F$5:$F$54) -> 207 | D7: =SUMIF('Data Barang ATK'!$D$5:$D$54,$A7,'Data Barang ATK'!$I$5:$I$54) -> 2755000 | E7: =COUNTIFS('Data Barang ATK'!$D$5:$D$54,$A7,'Data Barang ATK'!$J$5:$J$54,"Perlu Restock")+COUNTIFS('Data Barang ATK'!$D$5:$D$54,$A7,'Data Barang ATK'!$J$5:$J$54,"Habis") -> 1
A8: Arsip & Penyimpanan | B8: =COUNTIF('Data Barang ATK'!$D$5:$D$54,$A8) -> 9 | C8: =SUMIF('Data Barang ATK'!$D$5:$D$54,$A8,'Data Barang ATK'!$F$5:$F$54) -> 266 | D8: =SUMIF('Data Barang ATK'!$D$5:$D$54,$A8,'Data Barang ATK'!$I$5:$I$54) -> 3273000 | E8: =COUNTIFS('Data Barang ATK'!$D$5:$D$54,$A8,'Data Barang ATK'!$J$5:$J$54,"Perlu Restock")+COUNTIFS('Data Barang ATK'!$D$5:$D$54,$A8,'Data Barang ATK'!$J$5:$J$54,"Habis") -> 1
A9: Tinta & Printer | B9: =COUNTIF('Data Barang ATK'!$D$5:$D$54,$A9) -> 5 | C9: =SUMIF('Data Barang ATK'!$D$5:$D$54,$A9,'Data Barang ATK'!$F$5:$F$54) -> 62 | D9: =SUMIF('Data Barang ATK'!$D$5:$D$54,$A9,'Data Barang ATK'!$I$5:$I$54) -> 4435500 | E9: =COUNTIFS('Data Barang ATK'!$D$5:$D$54,$A9,'Data Barang ATK'!$J$5:$J$54,"Perlu Restock")+COUNTIFS('Data Barang ATK'!$D$5:$D$54,$A9,'Data Barang ATK'!$J$5:$J$54,"Habis") -> 2
A10: Lain-lain | B10: =COUNTIF('Data Barang ATK'!$D$5:$D$54,$A10) -> 2 | C10: =SUMIF('Data Barang ATK'!$D$5:$D$54,$A10,'Data Barang ATK'!$F$5:$F$54) -> 18 | D10: =SUMIF('Data Barang ATK'!$D$5:$D$54,$A10,'Data Barang ATK'!$I$5:$I$54) -> 638000 | E10: =COUNTIFS('Data Barang ATK'!$D$5:$D$54,$A10,'Data Barang ATK'!$J$5:$J$54,"Perlu Restock")+COUNTIFS('Data Barang ATK'!$D$5:$D$54,$A10,'Data Barang ATK'!$J$5:$J$54,"Habis") -> 1
A11: TOTAL | B11: =SUM(B5:B10) -> 50 | C11: =SUM(C5:C10) -> 1374 | D11: =SUM(D5:D10) -> 25157000 | E11: =SUM(E5:E10) -> 6

Sheet Keterangan
A1: KETERANGAN PENGGUNAAN
A3: Isi berkas
A4: Lembar 'Data Barang ATK' | B4: Daftar master 50 barang ATK yang umum ada di gudang kantor.
A5: Lembar 'Rekap Kategori' | B5: Ringkasan otomatis per kategori memakai COUNTIF, SUMIF, dan COUNTIFS.
A7: Kolom yang diisi manual | B7: Ditandai dengan angka berwarna biru.
B8: Kode Barang, Nama Barang, Kategori, Satuan, Stok Saat Ini, Stok Minimum, Harga Satuan.
A10: Kolom otomatis (rumus) | B10: Jangan diketik ulang, biarkan rumusnya bekerja.
A11: Nilai Stok (Rp) | B11: Stok Saat Ini dikali Harga Satuan
A12: Status | B12: Terisi "Habis" jika stok 0, "Perlu Restock" jika stok <= stok minimum, selain itu "Aman".
A14: Penanda warna
A15: Baris kuning | B15: Stok sudah menyentuh atau di bawah batas minimum, perlu dibeli.
A16: Baris merah muda | B16: Stok habis.
A18: Cara menambah barang baru | B18: Sisipkan baris di atas baris TOTAL, lalu salin rumus kolom I dan J dari baris di atasnya.
A20: CATATAN PENTING
A21: Angka stok | B21: Data contoh, bukan data operasional. Sesuaikan dengan kondisi gudang Anda.
A22: Harga satuan | B22: Perkiraan harga pasar ATK di Indonesia untuk keperluan simulasi. Ganti dengan harga beli yang sebenarnya sebelum dipakai untuk laporan keuangan.
A23: Stok minimum | B23: Ditetapkan kira-kira sepertiga dari stok normal. Sesuaikan dengan kecepatan pemakaian dan lama waktu pengadaan di kantor Anda.
